# class<TAB>VERB<TAB>PATH   class: public | auth | owner | admin | infra | storage | internal
# Generated from the production image's route table, then reviewed by hand. A00 fails on any drift.
admin	GET	/api/admin/abuse_signals
admin	POST	/api/admin/abuse_signals/:id/dismiss
admin	GET	/api/admin/audits
admin	GET	/api/admin/page_templates
admin	POST	/api/admin/page_templates/:id/toggle_hidden
admin	GET	/api/admin/shortlinks
admin	POST	/api/admin/shortlinks/:id/toggle_active
admin	POST	/api/admin/shortlinks/:id/toggle_safe
admin	GET	/api/admin/users
admin	POST	/api/admin/users/:id/toggle_active
auth	POST	/api/login/google
auth	POST	/api/login/password
auth	POST	/api/login_request
auth	POST	/api/login_verify
auth	DELETE	/api/logout
auth	POST	/api/password/forgot
auth	POST	/api/password/reset
auth	POST	/api/signup
infra	GET	/up
internal	ANY	/cable
internal	POST	/rails/action_mailbox/mailgun/inbound_emails/mime
internal	GET	/rails/action_mailbox/mandrill/inbound_emails
internal	POST	/rails/action_mailbox/mandrill/inbound_emails
internal	POST	/rails/action_mailbox/postmark/inbound_emails
internal	POST	/rails/action_mailbox/relay/inbound_emails
internal	POST	/rails/action_mailbox/sendgrid/inbound_emails
internal	POST	/rails/conductor/action_mailbox/:inbound_email_id/incinerate
internal	POST	/rails/conductor/action_mailbox/:inbound_email_id/reroute
internal	GET	/rails/conductor/action_mailbox/inbound_emails
internal	POST	/rails/conductor/action_mailbox/inbound_emails
internal	GET	/rails/conductor/action_mailbox/inbound_emails/:id
internal	GET	/rails/conductor/action_mailbox/inbound_emails/new
internal	POST	/rails/conductor/action_mailbox/inbound_emails/sources
internal	GET	/rails/conductor/action_mailbox/inbound_emails/sources/new
internal	GET	/recede_historical_location
internal	GET	/refresh_historical_location
internal	GET	/resume_historical_location
mcp	DELETE	/mcp
mcp	GET	/mcp
mcp	POST	/mcp
owner	GET	/api/me
owner	PATCH	/api/me
owner	PUT	/api/me
owner	DELETE	/api/me
owner	POST	/api/me/data_export
owner	POST	/api/me/appointments/generate_times
owner	GET	/api/me/color_palettes
owner	POST	/api/me/color_palettes
owner	DELETE	/api/me/color_palettes/:id
owner	GET	/api/me/community_templates
owner	POST	/api/me/community_templates/:id/report
owner	GET	/api/me/form_templates
owner	GET	/api/me/agenda
owner	GET	/api/me/notifications
owner	POST	/api/me/notifications/read_all
owner	POST	/api/me/notifications/:id/read
owner	GET	/api/me/forms
owner	POST	/api/me/forms
owner	POST	/api/me/forms/:form_id/fields
owner	DELETE	/api/me/forms/:form_id/fields/:id
owner	PATCH	/api/me/forms/:form_id/fields/:id
owner	PUT	/api/me/forms/:form_id/fields/:id
owner	PATCH	/api/me/forms/:form_id/fields/reorder
owner	DELETE	/api/me/forms/:form_id/responses
owner	GET	/api/me/forms/:form_id/responses
owner	DELETE	/api/me/forms/:form_id/responses/:id
owner	GET	/api/me/forms/:form_id/responses/:id
owner	GET	/api/me/forms/:form_id/responses_export
owner	GET	/api/me/forms/:form_id/summary
owner	GET	/api/me/forms/:form_id/uploads/:id
owner	DELETE	/api/me/forms/:id
owner	GET	/api/me/forms/:id
owner	PATCH	/api/me/forms/:id
owner	PUT	/api/me/forms/:id
owner	POST	/api/me/forms/:id/apply_template
owner	POST	/api/me/forms/:id/duplicate
owner	POST	/api/me/forms/:id/publish
owner	POST	/api/me/forms/:id/unpublish
owner	POST	/api/me/forms/:id/discard
owner	GET	/api/me/oauth/authorization
owner	POST	/api/me/oauth/authorization
owner	GET	/api/me/oauth_grants
owner	DELETE	/api/me/oauth_grants/:id
owner	GET	/api/me/page_templates
owner	POST	/api/me/page_templates
owner	DELETE	/api/me/page_templates/:id
owner	PATCH	/api/me/page_templates/:id
owner	PUT	/api/me/page_templates/:id
owner	GET	/api/me/pages
owner	POST	/api/me/pages
owner	DELETE	/api/me/pages/:id
owner	GET	/api/me/pages/:id
owner	PATCH	/api/me/pages/:id
owner	PUT	/api/me/pages/:id
owner	POST	/api/me/pages/:page_id/apply_template
owner	DELETE	/api/me/pages/:page_id/avatar
owner	POST	/api/me/pages/:page_id/avatar
owner	POST	/api/me/pages/:page_id/links
owner	DELETE	/api/me/pages/:page_id/links/:id
owner	PATCH	/api/me/pages/:page_id/links/:id
owner	PUT	/api/me/pages/:page_id/links/:id
owner	PATCH	/api/me/pages/:page_id/links/reorder
owner	GET	/api/me/pages/:page_id/qr_code
owner	GET	/api/me/pages/:page_id/statistics
owner	PATCH	/api/me/password
owner	PUT	/api/me/password
owner	GET	/api/me/shortlinks
owner	POST	/api/me/shortlinks
owner	DELETE	/api/me/shortlinks/:id
owner	GET	/api/me/shortlinks/:id
owner	PATCH	/api/me/shortlinks/:id
owner	PUT	/api/me/shortlinks/:id
owner	GET	/api/me/shortlinks/:shortlink_id/qr_code
owner	GET	/api/me/shortlinks/:shortlink_id/statistics
public	GET	/.well-known/oauth-authorization-server
public	GET	/.well-known/oauth-protected-resource
public	GET	/.well-known/oauth-protected-resource/mcp
public	GET	/api/public/forms/:public_id
public	GET	/api/public/forms/:public_id/slots
public	POST	/api/public/forms/:public_id/events
public	POST	/api/public/forms/:public_id/fields/:field_id/uploads
public	POST	/api/public/forms/:public_id/responses
public	GET	/api/public/pages/:slug
public	POST	/api/public/pages/:slug/links/:page_link_id/click
public	GET	/api/public/shortlinks/:short_code
public	POST	/api/public/shortlinks/:short_code/unlock
public	POST	/oauth/register
public	POST	/oauth/revoke
public	POST	/oauth/token
storage	GET	/rails/active_storage/blobs/:signed_id/*filename
storage	GET	/rails/active_storage/blobs/proxy/:signed_id/*filename
storage	GET	/rails/active_storage/blobs/redirect/:signed_id/*filename
storage	POST	/rails/active_storage/direct_uploads
storage	GET	/rails/active_storage/disk/:encoded_key/*filename
storage	PUT	/rails/active_storage/disk/:encoded_token
storage	GET	/rails/active_storage/representations/:signed_blob_id/:variation_key/*filename
storage	GET	/rails/active_storage/representations/proxy/:signed_blob_id/:variation_key/*filename
storage	GET	/rails/active_storage/representations/redirect/:signed_blob_id/:variation_key/*filename

internal	ANY	/rails/active_storage/direct_uploads
internal	ANY	/rails/active_storage/disk/*rest
